Datetime,Water Level (m)
2025-04-01 00:00:00,0.18951206
2025-04-01 01:00:00,0.15787439
2025-04-01 02:00:00,0.16168122
2025-04-01 03:00:00,0.33366534
2025-04-01 04:00:00,0.47971153
2025-04-01 05:00:00,0.5552428
2025-04-01 06:00:00,0.5761759
2025-04-01 07:00:00,0.52491695
2025-04-01 08:00:00,0.44009492
2025-04-01 09:00:00,0.3776083
2025-04-01 10:00:00,0.33559814
2025-04-01 11:00:00,0.2985132
2025-04-01 12:00:00,0.26268053
2025-04-01 13:00:00,0.23176311
2025-04-01 14:00:00,0.22804675
2025-04-01 15:00:00,0.37526068
2025-04-01 16:00:00,0.5450706
2025-04-01 17:00:00,0.65216583
2025-04-01 18:00:00,0.7087436
2025-04-01 19:00:00,0.7164161
2025-04-01 20:00:00,0.6498915
2025-04-01 21:00:00,0.5616984
2025-04-01 22:00:00,0.49866763
2025-04-01 23:00:00,0.45330173
2025-04-02 00:00:00,0.41293672
2025-04-02 01:00:00,0.37437204
2025-04-02 02:00:00,0.33898437
2025-04-02 03:00:00,0.35483864
2025-04-02 04:00:00,0.49848205
2025-04-02 05:00:00,0.635816
2025-04-02 06:00:00,0.69683963
2025-04-02 07:00:00,0.6844551
2025-04-02 08:00:00,0.6021228
2025-04-02 09:00:00,0.5252025
2025-04-02 10:00:00,0.4744653
2025-04-02 11:00:00,0.4350506
2025-04-02 12:00:00,0.3962503
2025-04-02 13:00:00,0.35637456
2025-04-02 14:00:00,0.3242329
2025-04-02 15:00:00,0.34396225
2025-04-02 16:00:00,0.4994311
2025-04-02 17:00:00,0.6435653
2025-04-02 18:00:00,0.7237066
2025-04-02 19:00:00,0.7571658
2025-04-02 20:00:00,0.72556955
2025-04-02 21:00:00,0.64096177
2025-04-02 22:00:00,0.5692481
2025-04-02 23:00:00,0.5198881
2025-04-03 00:00:00,0.480479
2025-04-03 01:00:00,0.44378707
2025-04-03 02:00:00,0.4047426
2025-04-03 03:00:00,0.37104404
2025-04-03 04:00:00,0.3879337
2025-04-03 05:00:00,0.51045966
2025-04-03 06:00:00,0.6311449
2025-04-03 07:00:00,0.6682632
2025-04-03 08:00:00,0.6182171
2025-04-03 09:00:00,0.53938633
2025-04-03 10:00:00,0.48142493
2025-04-03 11:00:00,0.4409545
2025-04-03 12:00:00,0.40249136
2025-04-03 13:00:00,0.36532056
2025-04-03 14:00:00,0.33209485
2025-04-03 15:00:00,0.31334087
2025-04-03 16:00:00,0.35340405
2025-04-03 17:00:00,0.4977353
2025-04-03 18:00:00,0.62896293
2025-04-03 19:00:00,0.6994304
2025-04-03 20:00:00,0.72778
2025-04-03 21:00:00,0.6862965
2025-04-03 22:00:00,0.60105836
2025-04-03 23:00:00,0.5367628
2025-04-04 00:00:00,0.4923188
2025-04-04 01:00:00,0.45821673
2025-04-04 02:00:00,0.4229278
2025-04-04 03:00:00,0.38184234
2025-04-04 04:00:00,0.35048524
2025-04-04 05:00:00,0.36251965
2025-04-04 06:00:00,0.45711848
2025-04-04 07:00:00,0.56643754
2025-04-04 08:00:00,0.6019452
2025-04-04 09:00:00,0.5499806
2025-04-04 10:00:00,0.48185757
2025-04-04 11:00:00,0.4388267
2025-04-04 12:00:00,0.42221102
2025-04-04 13:00:00,0.41382295
2025-04-04 14:00:00,0.36958414
2025-04-04 15:00:00,0.3219991
2025-04-04 16:00:00,0.30521002
2025-04-04 17:00:00,0.35723868
2025-04-04 18:00:00,0.49201798
2025-04-04 19:00:00,0.60765946
2025-04-04 20:00:00,0.67316246
2025-04-04 21:00:00,0.7032734
2025-04-04 22:00:00,0.6730911
2025-04-04 23:00:00,0.59846497
2025-04-05 00:00:00,0.5398525
2025-04-05 01:00:00,0.5011352
2025-04-05 02:00:00,0.46209466
2025-04-05 03:00:00,0.41998345
2025-04-05 04:00:00,0.38150305
2025-04-05 05:00:00,0.3493322
2025-04-05 06:00:00,0.34429085
2025-04-05 07:00:00,0.3983767
2025-04-05 08:00:00,0.49229845
2025-04-05 09:00:00,0.5422037
2025-04-05 10:00:00,0.52344793
2025-04-05 11:00:00,0.4923685
2025-04-05 12:00:00,0.4956103
2025-04-05 13:00:00,0.4685568
2025-04-05 14:00:00,0.4198131
2025-04-05 15:00:00,0.3733063
2025-04-05 16:00:00,0.33545038
2025-04-05 17:00:00,0.31750882
2025-04-05 18:00:00,0.34605062
2025-04-05 19:00:00,0.455169
2025-04-05 20:00:00,0.568036
2025-04-05 21:00:00,0.64946485
2025-04-05 22:00:00,0.6929976
2025-04-05 23:00:00,0.69416326
2025-04-06 00:00:00,0.6420425
2025-04-06 01:00:00,0.5769127
2025-04-06 02:00:00,0.53253245
2025-04-06 03:00:00,0.48948634
2025-04-06 04:00:00,0.45157495
2025-04-06 05:00:00,0.4128372
2025-04-06 06:00:00,0.37606087
2025-04-06 07:00:00,0.35191616
2025-04-06 08:00:00,0.3572653
2025-04-06 09:00:00,0.41504493
2025-04-06 10:00:00,0.49919513
2025-04-06 11:00:00,0.56234914
2025-04-06 12:00:00,0.58676505
2025-04-06 13:00:00,0.52991813
2025-04-06 14:00:00,0.46566218
2025-04-06 15:00:00,0.44048792
2025-04-06 16:00:00,0.41424236
2025-04-06 17:00:00,0.3768879
2025-04-06 18:00:00,0.33761436
2025-04-06 19:00:00,0.31477183
2025-04-06 20:00:00,0.34375453
2025-04-06 21:00:00,0.45432326
2025-04-06 22:00:00,0.56839246
2025-04-06 23:00:00,0.63569784
2025-04-07 00:00:00,0.6608391
